count,name
1226382,Shinobi Ninja
744394,CallingAllAstronauts
535389,TH1RT3EN
522934,Baby G
295886,Xbox Support
173931,Tesco
154726,Jeff Emmerson
153119,ComcastCares
145625,Food Tank
137886,Slack
135446,SwiftKey
127172,Codie Prevost Music
118963,Manchester Airport
107180,ASOS Here to Help
104409,British Airways
103661,Something Like Kites
102240,American Airlines
80301,Safaricom Care
78485,Dirk Hooper
77210,Verizon Support
67563,Most Wanted
66883,Royal Dutch Airlines
64742,Bank of America Help
61396,DellCares
58262,Jamba Juice
57043,Dunkin' Donuts
55891,Nordstrom
53763,Tom Shepherd
49565,AXS
48867,T-Mobile Help
46443,BRONNIE - stream #GetAGrip
46039,United Airlines
45604,Moe'sSouthwestGrill
40988,Argos Helpers
40913,#ThePersistence
40481,PayPal Support
40125,Peter Boykin Candidate For NC House District 58
38534,Delta
37657,Southwest Airlines
36942,Palmer Report
35440,Liz Szabo
35417,Cameron Gray
35012,anthony green
34275,David Papp
33971,Samsung Support USA
33928,Pedro da Costa
33857,Schlafly Beer
32526,SUBWAY¬Æ
32477,NAACP
32334,Wells Fargo
31945,Expedia
31464,Sprint Care
31242,Detroit Inst of Arts
29773,David Clinch
29108,Auntie Anne's
28624,Ask Citi
28610,Texans Cheerleaders
28347,MARCOME
28345,Constant Contact
28210,Adweek
27651,Famous Birthdays
27290,Jono Read
27148,Romy Raves
25931,Air Canada
24121,Rhett Power
23514,Nationwide UK
23014,Jimmy Star
22981,Infusionsoft
22948,CBN News
22405,Bell Support
22163,Donors Needed Urgently.
22077,Optimum Help
21753,Capital One
21572,Domino's Pizza UK
21284,Office Depot
21273,Just Eat UK
20149,TD Bank
20134,Vodafone UK
20130,ATTCares
19857,Matthew Schultz
19794,Chase Support
19542,Morrisons
19368,Umeme Limited
19116,Halifax
19029,Toyota USA
18914,Joe Walsh
18880,Erin Kotecki Vest
18827,Vera Sweeney
18559,Ask Spectrum
18525,9MobileNg
18260,Elayna Fernandez
18191,Hyatt Concierge
18073,Premier Inn
17365,Lloyds Bank
17288,Adobe Customer Care
16919,InsideView
16870,British Gas Help
16414,Moms Clean Air Force
16269,PNC Bank Help
15818,TD (Canada)
15774,Chris Duerr
15554,Jimmy John's
15528,Barclays UK Help
15453,Sharika Soal üá∫üá∏
15424,Paytm Care
15294,ClassFlow
15082,‚úÑ Rush Hair & Beauty
15056,Verizon Wireless CS
14904,WestJet
14850,Emirates Support
14507,McDonald's
14373,Great American Music Hall
13800,Standard Bank SA
13797,Alyaa Gad
13662,Co-op Food
13478,Air France
12831,The CMO Club
12766,Ocado
12752,UK Power Networks
12534,Mutual of Omaha
12478,Lowe's
12405,DStv Kenya
11896,Prof. Steve Hanke
11773,INSH
11429,TalkTalk
11402,90.3 AMP Radio
11388,Grace Durbin
11223,Boots Help
11007,IndiGo
10808,Wellness Pet Food
10766,NS online
10760,Mary Spicuzza
10244,TopAchat
10228,Shaun King
9976,DIRECTV Service
9824,Marriott Hotels
9545,easyJet
9446,The A.R.T.
9317,Ottawa 67's
9082,Virgin Media Ireland
8958,Airtel Kenya
8885,Memphis Grizzlies
8748,AT&T
8743,BIGNOAH üë®üèΩ‚Äçüíª
8726,Rico Love
8579,Skype Classroom
8472,Stewart Bint
8377,Telstra
8362,Talib Kweli Greene
8362,Rachel Reilly
8352,MR PLAY üá¨üáßüáØüá≤üá∏üá±
8256,ryan teague beckwith
8245,Christina McKelvie
8230,TekSavvy Assistance
7949,Olivia Messer üíÄ
7939,Vodacom
7882,"Chick-fil-A, Inc."
7876,Virgin Trains EC
7786,Deirdre Breakenridge
7527,Patrick Svitek
7523,The Vitamin Shoppe
7480,NorthumberlandCC
7442,Exeter City Council
7380,Virgin Trains
7194,JJ Birden
6966,Uber South Africa
6849,Waitrose
6837,Freddie Gibbs
6826,Flybe ‚úà
6640,nicholas liddle
6637,Michelle Ray
6631,USW
6575,Cineworld Cinemas
6545,Ask Lyft
6473,Aer Lingus
6462,jeffrey marsh
6383,Eric Ben√©t
6345,Pen & Sword Books
6276,"A Music Blog, Yea?"
6272,Uber UK Support
6239,Marty Swant
6208,Scott Taylor ABC 7
6200,Paul Winkler
6197,Brooke Lewis
6163,Network Solutions
6118,SOLOMON TAIWO
6041,megabusUK
6023,üí∏üéπKEYBOARD KIDüéπüí∏
5985,Jersey Mike's Subs
5947,The Archers
5929,Danyel Smith
5908,KFC Customer Care
5904,Skiddle
5897,Asda Service Team
5841,VapianoUK
5834,Laurie Ruettimann
5789,Kimberly Leonard
5739,Lush North America
5673,Tony McEwing
5632,OpenSky
5577,Aetna
5544,Yep Roc Records
5535,Netflix CS
5515,Cam Edwards
5468,ipostparcels.com
5453,Alex and Ani
5438,SocialSecurityWorks
5388,Dinesh D'Souza
5321,Allie Larkin
5242,Jason Anthony Tetro
5227,Northern
5195,IRIN News
5184,Negin Farsad
5153,Nialler9
5133,Atlanta Braves
5113,Limerick Leader
5049,InVision
5023,Loren Kleinman
5004,IG ¬ª¬ª¬ª officialzeez
5001,Matt Quinton
5000,shaye anderson
4997,Tom Arthur
4973,Sierra Club
4973,U-Haul Cares
4964,Alex Segura
4916,Brad Burton  -  The UK‚Äôs #1...    üá¨üáßü¶Åü•á
4892,SHIREEN QUDOSI
4823,3M
4787,(((Frances Coppola)))
4757,Adam Gorney
4738,Ask RBC
4693,Brussels Airlines
4690,Miss Coco Peru
4627,Julie Silver
4575,Brandon Huffman
4532,Lauren Duca
4516,Out & Equal
4475,Will Carroll
4468,Ask Paddy Power
4447,Joe Giza
4437,S. Benoit-Godet
4405,CBC Vancouver
4361,Forever 21 Help
4356,Mary Harris
4352,Mike Thomas
4278,ReBecca Theodore-Vachon
4278,Steven St.Jontay
4240,Wacom
4234,David Bixenspan
4202,Jeff Gorell
4117,Honest Mum¬Æ
4105,6th Man Like Lou Willmonger
4076,Fido Solutions
4049,Talia Bracha Lavin
4015,Denise Welch
3984,Dr. Tasha Eurich
3983,Jordan Owen
3982,PizzaExpress üçï
3977,Elliot Loh
3966,Miss America Org
3933,Dana Loesch
3898,WD¬Æ
3885,Jason Howerton
3869,Miles Sanders
3839,Treatwell
3819,afentra
3810,Aldi Stores UK
3788,iG @therealflorina
3785,UCSD Engineering
3750,bartaco
3746,Lovebox Festival
3740,Yung & Wild
3740,Rodney Gibbs
3733,BCBSNC
3728,Claude Taylor
3695,Suddenlink
3695,Well-Read Black Girl ‚Ñ¢
3685,Kareem Shaheen
3672,Faviana
3627,Too Faced Cosmetics
3599,Heath Buckmaster
3582,John Challis
3561,Jen Bartram
3549,Lloyd
3538,Derek Smart
3537,Pris Blossom
3532,Mental Health Commission of Canada
3518,Women of Honor
3508,David Boroff
3456,Neal Collins
3438,Kenan Rahmani ŸÉŸÜÿßŸÜ
3431,Alison Hammond
3421,Xorje Olivares
3410,VisitCOS
3407,Sears Auto Center
3403,Corel
3373,Bob Evans Farms
3320,Keurig
3316,steve wraith
3303,energiedirect.nl
3297,The AA
3282,Office 365
3280,Moz
3278,Missguided Help
3271,Ulta Beauty
3263,Max Frost
3245,Safelite AutoGlass¬Æ
3172,Ask PlayStation
3172,William Hill Betting
3126,Rachel Blaufeld
3091,East Midlands Trains
3083,Lasizwe Dambuza
3078,BTCare
3062,CenturyLinkHelp Team
3056,Ditch the Label
3050,Tressie Mc
3045,Gunz
3027,Javier Panzar ü¶Ö
3002,Sallie Mae
3002,Torsten Beeck
3001,Dr Vicky Forster
2991,April
2988,Quincy Jones
2980,Asha Dahya
2977,houzz
2975,Milton Nkosi
2968,Jason Wilson
2967,Peter Tatchell
2931,Uber Support
2930,Louise McSharry
2879,HP Support
2862,Mike Harris
2796,redBus
2791,Lucy Nichol
2788,Portland State
2783,American Prospect
2756,Hawaiian Airlines
2744,Lindsey Slater
2743,Vonage
2730,U.S. Institute of Peace
2730,Justin Kruger
2710,Christopher Fafalios
2690,Justin Moorhouse
2678,Philly311
2676,Brenda Tracy
2671,Lyle Spencer
2663,Trex Company
2644,Sarah McBride
2644,Janice Forsyth
2639,Jonathan Mayo
2621,Target
2614,Arts & Crafts
2607,Sisters of Mercy
2607,Kalyn Belsha
2592,Quinn Cummings
2590,Luis Troyano
2583,Bruce Judson Jr
2571,Aaron Huertas
2561,Eurostar
2541,FirstBank Nigeria
2529,Comcast
2514,Leah Binkovitz
2506,Steak-Umm
2500,V-Day
2475,Peter Pham
2465,Vue Cinemas Help
2464,Vera Bergengruen
2464,Florida Times-Union
2451,Maddy O'Reilly
2433,Rowan Hooper
2426,beena sarwar
2424,Humana Help
2413,98 Degrees
2405,Lynda Steele
2393,sporza
2392,Paul Fischer
2387,Seth Masket
2368,Jamie Eldridge
2345,Busboys and Poets
2307,Charles Gasparino
2305,Michael Casey
2292,LeslieMac
2292,Cara Augustenborg
2288,Nathan Bazley
2278,Jeff Smith
2274,Victoria Duffield
2268,Michigan Democrats
2259,FLY
2248,Audiotree Music
2240,Chiltern Railways
2233,Eric Smith
2232,Cork's RedFM
2216,Good Old War
2197,Joshua Benton
2191,Rachel Rollar
2191,GreenFlag
2183,Anika Noni Rose *DoesntNeedToSeeYourPenis*
2170,Hulu Support
2160,Noah Berlatsky
2157,The Davina
2148,Dorothy Lucey
2144,NHS_Education
2110,Ginger Zee
2108,Tom Wilkinson
2092,Invisalign
2087,Joe 'Baboots' Curci
2087,POPSUGAR
2066,Geoffrey Ingersoll
2064,Viviane Schwarz
2057,Craig LaBan
2048,Charlie Mullins OBE
2024,ABC10
2016,Honda Canada Inc.
2010,M50 Dublin
2009,John Early
2004,Brandon Graham
1993,The Debrief
1992,Porter Anderson
1992,Gatwick Airport LGW
1990,PINERGY
1982,austin walker
1981,Gleana Albritton
1977,Southern
1973,A.P. Joyce
1964,The National Memo
1956,Co-op
1947,Craig Kaufman üóëÔ∏è üê¥
1938,Leon Mann
1938,DStv Nigeria
1925,Tyler Kingkade
1925,Sock Council
1924,Tauriq Moosa
1923,Divina De Campo
1902,Dave Schwartz
1894,SiriusXM Canada
1891,Saturnino Celani
1874,Paul Sporer
1874,Heathrow Express
1868,NETGEAR
1858,The Redmen TV
1854,Robin Miller
1851,Primark
1851,Glennisha Morgan
1848,Experian
1837,Anne McLaughlin SNP
1830,Team Canada
1829,CBS 4 News
1823,Seth Archer
1821,Tara Haelle
1820,Ethan Barton
1810,Chris Selley
1809,OntarioInnovation
1804,s.e. smith
1803,Shay Stewart Bouley
1802,Melissa Grelo
1799,McD Customer Service
1791,Alom Shaha
1790,Schiphol
1787,Paige Skinner
1784,IKEA UAE
1782,Ed Bott
1763,Stephen Clements
1757,People
1753,Microsoft Life
1738,TwinSpires.com
1735,Kiran Jonnalagadda
1733,Eric Haywood
1732,Rachael Ray Show
1727,RED BARAAT
1713,Horse McDonald
1713,Joe Fourhman
1704,Brian Sumers
1702,Evan Lahti
1696,Inc.
1689,Ariel Wengroff
1688,We Are Golf
1682,Jorge Luis Lopez Esq
1681,Dot-Marie Jones
1680,Rick Astley
1677,Steve Ragan
1670,Todd Harrison
1668,Raymond v Barneveld
1659,Emma Luxton
1659,Kendall Rogers
1658,Fuse
1657,Yaron Weitzman
1654,Craig Fagan
1645,"Jeff Koinange, MBS"
1642,TmarTn
1638,David Oliver
1627,DJ Green Lantern
1626,UN Foundation
1618,Joanna Cannon
1596,Deborah Alsina
1586,Daily Kansan
1585,Tobi
1571,YAF
1568,Alan Gardner
1561,Wisconsin State Journal
1558,SgtTCS
1552,Robert Littal
1551,National Trust
1546,Bill Michaels
1546,Alex Fitzpatrick
1539,Sean Robinson
1537,TD Ameritrade
1533,Riggs
1529,Tourism Victoria
1529,meow
1513,Amanda üîú GDC
1509,Aruna Miller
1507,ProudlySouthAfrican
1505,Citizens for Ethics
1502,Philly.com
1501,Lisa Raitt
1497,Jan Postma
1496,Ross A. Lincoln
1493,CI Chris Casey
1481,British Tennis
1479,Tin House
1479,Amy Alkon
1475,Nomaan Merchant
1471,Rachel Clarke
1466,Sally Beauty
1463,nick ‚Äúidea guy‚Äù q
1460,Kyle Russell üöÄ
1449,ScotGov Justice
1441,Tony Cuddihy
1432,Andrew Scott
1430,Carey O'Donnell
1430,Jonathan Greenblatt
1426,Chris Campbell
1426,Gabe #DreamActNow Ort√≠z
1425,Michael Seiden
1417,Madeleine Roux
1412,Celeste Ng
1408,fleetstreetfox
1406,Heather Berlin
1401,De Casa en Casa
1399,HindolSengupta
1397,Andy Ostroy
1396,Skipper üíî
1388,Martin Patriquin
1386,Tiffany Francis
1385,POPSUGAR Moms
1381,Nat Resources Dems
1380,Louise Matsakis
1377,Michael V. Drake
1376,ABC13 Houston
1374,Eugene Daniels
1372,Will Hayward
1371,NAPA AUTO PARTS
1370,Verity Milligan
1366,GUINNESS STOREHOUSE
1363,Elena Nicolaou
1354,All4Women.co.za
1353,Britt Rivera
1348,Ford's Theatre
1344,ESPN 580
1343,Jordan Woods-Robinson
1340,Waterloo Reg. Police
1335,Kirti Azad
1329,Victor LaValle
1329,LA Film Festival
1314,NHS inform
1312,Mike Glenn
1309,LAT Entertainment
1296,Lexi Belculfine
1296,Ovation
1290,Spike Brehm
1285,"chrisÂä†Ê≤π, chhopsky.tv"
1272,Carron J. Phillips
1264,Lenny Jacobson
1261,Public Accounts Comm
1256,Aubrey Blanche
1254,Jackie Pepper ‚úäüèΩ‚òÆÔ∏èüåä
1252,Chloe Chaplain
1240,Mirriam Richard Marx tweeted @ me Seddiq
1236,Victoria's Secret
1234,Charles Arthur
1233,New Orleans Saints
1230,colin mccourt
1230,Every Kid in a Park
1230,Leah Holiove
1229,Momo
1223,RomleyForCongress
1217,Indianapolis Airport
1215,Tanya Sichynsky
1215,Neelima Kulkarni
1213,Thomas Q. Jones
1211,Jon Cryer
1199,ATP
1194,ProstateCancerFoundation
1182,LloydsBankBusiness
1179,Telford & Wrekin Council
1176,Dean Edwards
1175,LUKE NASTY
1174,Ocean Spray
1165,David Sweet
1163,JaneHutt AM
1162,üíÄKelly J. BakerüíÄ
1161,Cassandra Fairbanks
1158,Patricia Kihoro
1155,Nicole Serratore
1153,M‚ÄôBlockU
1151,James O'Malley
1148,DatPiff
1147,G. is sort of at ECCC
1144,The Tyee
1142,Joe Gabriel Simonson
1135,Hoda Kotb
1134,Mercy For Animals
1124,Eugene Robinson
1124,Matthew Walther
1122,Ooredoo Care
1117,Matt Doyle
1115,Greg Baldwin
1113,NorthAyrshirePolice
1110,Naomi Kyle
1101,Ed Solomon
1101,Steve Chiotakis
1097,Hakeem Jeffries
1097,Gasant Abarder
1093,Bill Riley
1083,Roland Woerner
1078,Neil S W Murray
1077,King Kaufman
1072,AFA-CWA
1071,Michael Russell
1070,IAmTanishaThomas
1068,Omaha Public Schools
1065,Sean Biggerstaff 2018
1063,Amanda Grady Sexton
1063,Bristol-Myers Squibb
1061,Sinead Ryan
1061,Rick Porter
1043,Chad Felix Greene
1043,Rani Molla
1043,Columbia Records UK
1039,Fredzone
1039,Canadian Geographic
1038,LIVESTRONG
1034,Will Brinson
1033,Andrew Coyne
1031,Paul Foster
1029,David Vance
1027,Clint Evans
1026,Colin Chisholm
1026,Noticias24 Carabobo
1025,Michael G.
1021,Neville Southall
1021,Angie Harmon
1012,ZOA National
1012,Brooks Sherman
1011,Dead Oceans
1009,Helen Ochyra
1003,Busted Coverage
1001,Antoine Johnson
1000,StockX
1000,James Michael Nichols
999,Aaron Rupar
999,Leah Nanako Winkler
998,Brandon Neely
997,Blue Man Hoop
995,Kelechi Okafor
995,Ian Guider
995,EDF Energy Help
994,Nabeela Zahir
991,Amrita Bhinder
991,JEN BROOKLYN BELLHOUSE MAR 2nd KIRKMAN
989,AOL Customer Support
988,Laura Theodore
984,victoria sanusi
984,Maverick Sabre
982,Cam Adair
981,Kevin Egan
980,Big $olo
978,Dominic Booth
974,Michael Segalov
973,Curtis Houck
973,Ashley Outrageous
972,letgo
972,Renee DiResta
971,Jason Rabinowitz
969,Psychology Today
969,kenzi
969,Kanchan Gupta
966,Mike Rundle
966,Deborah Harkness
963,Indiana State Museum
960,O The Oprah Magazine
959,Paul Waldie
958,Nick Knowles
953,Frank Sharry
948,Refilwe Modiselle
946,Clairol Color
946,Artix Krieger
943,Michael Hamad
939,George Brown
932,Alicia Minshew
932,Eleanor Hooker
931,Andrea Cremer
930,Rob Heffernan
930,Jody Avirgan
928,Jackie Hong
928,Caitlin Kelly
926,GoDaddy Help
924,Pulse Nigeria
920,Sushil Kedia
917,KUTV 2News
915,Vincent Samperio
913,Bernard Blake
913,Evan Siegfried
911,The CrossFit Games
909,chris zappone
909,Anne Helen Petersen
906,Protima Tiwary
905,Clemzingis
904,Arriva Trains Wales
893,Keith Stubbs
893,Footy Accumulators
892,NBC12 WWBT Richmond
890,Alex Clearfield
888,Michael Seto
885,NCRP
878,Everyman Cinema
876,erol alkan
875,mark benton
874,Conagra Brands
873,Rogue Poledancer üéà
869,Timothy McSweeney
866,BLU Products
866,Ohio Republicans
865,Ned Raggett
863,Chris Fuhrmeister
863,Mayor Muriel Bowser
863,Isaac Fitzgerald
856,RTE One
856,FCNL (Quakers)
856,Myles E. Johnson
852,Drew Walker ~ US*99
845,Kate Hairopoulos
843,Fisayo Longe
842,Ijeoma Oluo
836,KTIV News Four
835,KB
833,Mary Kilpatrick
832,Stephanie Allison
831,Traffic Scotland
831,XBIZ
826,3KingBibbs5
826,High Contrast
822,Anthony Fowler
819,Fraser Health
814,GLOBELAMP ‚ÄúHEX YOU‚Äù
812,Nandini
809,Talkative Rocker
807,Karl O'Kane
806,Doug Glanville
806,Mary Akemon
804,Eric Geller
804,The Park Record
802,Mann-Weil
802,Torfaen Council
801,Jordan Minor
799,Greg
798,Mary Jo Foley
798,Arizona Midday
798,ECHO FOX PINE
796,Aaron Landry
795,Merseyrail
792,Adam Rippon
788,Chandra Crawford
787,Glasgow Airport
786,R√≥is√≠n O
786,590 KQNT
784,Autumn A. Arnett
782,John Sparks
782,Mahwash Ajaz
781,Jeremy Rutherford
773,Outlook
773,Hugh Lessig
770,Kevin Kamenetz
769,star.gr
766,Ryan Ginn
764,hayu
762,Jeff Greer
760,Arby's Guest Support
758,Chris Ducker
756,cameron jordan
753,FloCombat
753,Rep. Jody Hice
751,#WVTM13
750,Graham Sucha MLA
750,Lincolnshire Live
750,Emily Bamforth
749,Sister Hazel
747,Steven Rowley
747,Maria Fowler
746,Virginia Bridges
743,Roc marci
741,Bess Kalb
741,Daniel Rubino
733,N.O.R.E
732,Moses Adeyemi
729,The Daily Campus
728,Matt Corner
728,Tracey Lien
718,East Mids Airport
717,Kathryn Barger
715,Bitso
711,Jeff Ramos
710,Tyne and Wear Metro
706,Chris Abraham
705,Jeff Spross
700,James Rhine
698,Money Morning
698,VOX INAUDITO ‚ìã
697,Gage
693,Ohio State
692,Streamlabs
691,Hilton Suggests
683,Moniece Slaughter
678,CorelDRAW
678,IDW Publishing
678,Sharif Hassan
678,El Museo Soumaya
675,Connie Ferguson
674,GOtv Nigeria
673,Heather Nauert
669,Michael Steeber
669,‚úåÔ∏èSumie Sakai‚úåÔ∏è
668,Elizabeth Tsurkov
662,Devon County Council
661,Steve Daines
660,rob groulx üé•
659,Welsh Ambulance
659,Michael Bonfiglio
658,Posthuman
657,Mesa Sean
656,PolScotControlRooms
653,A.J. Kirsch
652,Comparably
651,Jude LaCava
651,Brigida
644,Arjun Pradeep
641,Zunera Mazhar
632,Ken Carman
632,Chip Ganassi Racing
632,AccorHotels Group
631,Dublin Bus
627,Toro Rosso
625,Tiffany Alaniz
620,Ziad Ahmed
620,Sky Living
619,SW Police North
616,√¢pihtawikosis√¢n
616,Dr. Karl Beattie
614,Tom White
603,kitty ray
603,potter
602,Jeffrey Guterman
601,Bloodshot Records
599,Forever 21
594,Keon Raymond
594,Janet Finch-Saunders
592,Mandisa
591,PledgeMusic
591,Faye Marsay
590,Josef Newgarden
587,Chicago Cubs
587,Tipsy Elves
584,Jason Stoff ‚òïÔ∏è
584,247Sports
583,Brown University
581,Tedros Adhanom Ghebreyesus
581,Rena Sofer BoycottNRA
580,Misfit
575,Betty Kyallo
573,joseph birdsong
572,NikeWomen
570,Batz
569,Kierston Wareing
569,parkrun UK
568,Jon Machota
568,Lateysha Grace
562,Sunlight Foundation
561,Chelsea Harvey
561,Dylan Playfair
560,Larbert High School
558,Nicole Lee
555,üéÄ Kelly Kelleyüíé
555,Shaista Gohir OBE
555,Sister Deborah
551,Translink
551,Truman Scholarship
548,Sean Moore
548,Emily Vaughn
547,The Mancunion
547,Graham Rahal
543,CapeTalk on 567AM
543,Michael Peters
541,Omer Riza
541,Mike P Williams üåπ
540,SoulPancake
540,Orleans Darkwa
538,Rebeca Sosa
532,Laura Clise
530,Ariens
527,aivi tran
525,Rick Cantu
525,sam greisman
517,Lloyd Kaufman
513,Co.Design
512,Andy „ÄΩÔ∏èowgli
511,TorontoStar
508,claire  de  lune
507,Darren Turner
506,Erin Donnelly
504,Charlie Flanagan
502,Owen Butterfield
499,Levi's¬Æ
498,Ben Dowsett
496,bitcoin but for thoughts & prayers
494,#B1GCats Women‚Äôs Basketball
492,NIGHT CLUB
490,Choose Well Wales
490,101.3 KDWB
489,ABC7 Eyewitness News
488,Gary Mihoces
488,Tracy Osborn
487,"City of Akron, Ohio"
485,Jim Spiewak
482,Turnaround Arts
479,Paul Shirey
477,Karin Brulliard
476,Hall & Oates
475,Michael Skimbo
474,Terra Jol√©
474,Garrett Smithley
472,Helen King
470,Alex Morgan
470,Mandi Sarro - TDQ
467,Neutrogena
466,Kara Nortman
465,Wightlink Ferries
464,Kayla Knierim
461,UNION BANK
458,Vanity Fair Espa√±a
457,sheila mwanyigha
456,Greg Rickford
453,Life Time
452,Matthew Pearl
445,Louis York
444,üíñSteveüíòFoxeüíñ
443,Liv Warfield
437,"DigiCert, Inc."
435,MadhuPurnima Kishwar
435,Matthew Ryan
434,Vivi Castrillon
434,HiRezSt3alth
430,Chris Millington
430,Tanya Bardsley
429,Nicole Polizzi
423,Brad Takei
422,Meg Downey @ ECCC
420,Alice Moran
420,Farah Yousaf
420,SF State
420,Rainbow Rowell
420,Pounding the Rock
412,Tinkercad
411,Lothian Buses
410,Miss Connecticut
409,Port Authority PGH
409,MorningStar Farms
408,SunderlandUniversity
408,Carrie Courogen
407,Nine News LA
407,FLORIDA
407,Dia Chakravarty
405,Bristol Airport
405,the tiny k'challa
405,Jordan Palmer
401,Pouya Shahbazian
398,Motus Global
398,FedEx Canada
397,freekbass
393,Matt Nicholas
393,HWCDSB
393,CIRM
392,Monzo
389,Jim Himes
389,Tom Emmer
387,Cumbria Police
385,Helen Joyce
384,Bootsy Collins
383,Chicago Tribune
381,Mr. Aye Dee
380,Julie Martin
379,Jonathan Dean
378,Steve Gonsalves
377,Yellow Red Sparks
377,welfare.ie
376,EdChoice
374,Razzball
374,Pastor Mark Burns
372,richa singh
370,Justin Anderson
370,The Secret Sisters
364,News Nation
361,CHICHARRIN
356,Windsor Mann
353,Tati Westbrook
353,GWR Help
349,JYP Jyv√§skyl√§
347,DIRECTV NOW Help
346,Cosmic Gate
344,MDFR
340,Wil Walk to Wakandaüêæ
338,Melissa de la Cruz
338,Aaron Mahnke
335,DoorDash Help
335,Patrika Darbo
334,Ciara Gibson Byrne
334,Otakar Sch√∂n
326,cavomusic
325,WARRANT
323,Jordan Crucchiola
319,The Open University
319,VIVEK SHRAYA üÜö
317,Miles McPherson
316,Words With Friends
313,Ted Yoho
312,TTC Customer Service
311,Swara Bhasker
308,Neil Allen
308,City of Raleigh
307,Lauren Quigley
305,Sarah Davies
302,Will Carless
302,Emily Andrews
301,Javier Lozano Alarc√≥n
301,NTV UGANDA
299,scott nicholls
298,Lindsay Arnold
297,Derby Police Cadets
296,Mitch Fick
296,Colin „ÄΩÔ∏èowgli
292,Nadia Jamil
290,Dianna E. Anderson
290,Cyngor Sir G√¢r | CCC
289,Steve Deace
288,Susana Polo
286,Vanguard Newspapers
284,John ‚òÜ.o(‚âß‚ñΩ‚â¶)o.‚òÜ
284,gravelord neato
283,Engadget
280,Severn Trent
280,North Lincs Council
279,Kellogg's
276,JackEL üëë
275,MVD(Panda Global)
275,Albert Omoss
275,YANNICK NGAKOUE!
274,National Rail
273,Krista Vernoff
272,Rex Nutting
270,Black Desert Online
269,Neeti Mohan
265,Sheila MacVicar
265,Texas Longhorns
263,Ryanair
259,Cargill
258,East Lothian Council
254,ViolettaMTV
253,BTP Paddington
252,Fox News Politics
252,Thameslink
251,Paper Bag Records
246,james hooton
244,Quizlet
243,Matt Linnen
241,Funko Europe
240,Karl McCartney
240,Children's Hospital
239,EB3‚Ñ¢
237,(((JonathanBarkan)))
235,News 1110/99.3 WBT
235,Forth 1
231,Steven Brust
228,Manasi Pathak
226,Abiola Oke
226,DSW Shoe Warehouse
225,Utah WBasketball
224,CavemanFilms
224,Microsoft Excel
223,Reggie Wayne
222,c2c Rail
221,Tesco Bank Help
220,Jaclyn Smith
219,VINCE.
219,ORLANDO  S√Å
217,Thack
214,The Duke of York
214,Megan Hucks Pearson
213,Biography.com
211,Lockheed Martin
208,Âè∞ÁÅ£ËòãÊûúÊó•Â†± Taiwan News
201,NOIZZ
200,KISS TV KENYA
199,abdul
198,Daniel Stewart
193,Brandon Mullins
191,NorthTynesideCouncil
190,GABRIELLA
190,Listia
185,Big Blue Bus
183,Sky Bet Help
182,LabRoots
179,Transport for London
176,WGAL
174,Walt Disney World Today
170,Fairfax Fire/Rescue
169,RiseNation
165,NWS Binghamton
160,Manchester Metrolink
160,Sky Bet #RequestABet
158,PokerGO
156,Bolton Wanderers FC
154,Great Northern
150,Virgin Media
149,AMISH DEVGAN
148,Greater Anglia
147,Joel Runyon
144,EastLindseyDC
143,INC Telangana
138,City of Lynnwood
138,Maril Davis
134,LaCroix Water
134,FedEx Help
127,Chris Packham
127,Lyrical Lemonade
124,Southeastern
124,OfferUp
123,Eurowings
122,David Labrava
119,CNBC Pro
118,Deliveroo Help
117,The Standard Digital
115,Calgary Police
115,Grace Perry
112,Fallout
110,spencer platt
105,Vast
102,Stephen Hagan
101,Danny John-Julesüá©üá≤
100,Gustavo Sorola
100,Jaideep A. Prabhu
95,HYPEBEAST
94,ktn
93,m o r g √ó n
91,Fitbit Support
91,Soccer Aid ‚öΩÔ∏è
86,Retail Insider
86,Emma Gonz√°lez
86,Jocko Willink
84,Jersey Finance
83,UP100
83,scroll.in
82,Friends Urban Forest
81,LV=
81,Travel Dorset
78,Nicholas Weaver
77,MLS Support
77,Chris Ridgway
77,CBC Original Podcasts
76,311 Toronto
76,derek schwartz
76,David Haydn-Jones
73,John Prine
73,Fenty Beauty
71,Lo Moon
71,Ashok Singhal
68,EA Help
67,KTN News
65,Carla Jean Whitley
64,Nick Offerman
61,Plex
58,NYCT Buses
57,Nottm City Transport
56,The Arrangement
53,Amazon Help
53,Cory Asbury
52,James Clutton
52,Sarina Fazan
52,AskTSA
46,Verve Card
45,vir sanghvi
40,UPS Customer Support
36,Discover
36,Robinhood Support
35,Starbucks Help
33,Ann Scott
32,HSBC UK
32,Keith Richards
31,SUNTORYÔºà„Çµ„É≥„Éà„É™„ÉºÔºâ
31,8chan (8ch.net)
30,Ken Baumann
29,SEC Investor Ed
27,Apple Support
26,T1 Sydney Trains
25,Chipotle
22,Navjivan
21,Riot Games Support
19,Pok√©mon GO
18,Ask Amex
16,Openreach
15,Audible Canada
14,Engadget UK
14,Sol Orwell
12,APC United Kingdom
12,Baskets
12,Pandora Support
8,Dropbox Support
7,Arunraja Kamaraj
7,HMRC Customer Support
6,Team YouTube
6,BingAdsSupport
6,Ask WWE Network
5,Snapchat Support
5,Maria Johnsen
5,OnePlus Support
4,AskTarget
4,IKEA UK Support
3,Urban Dictionary
3,Ola Support
2,Santander UK Help
2,Harry Fear
2,Thomas Cook Cares
1,Best Buy Support
1,Daniel Trust
1,JioCare
0,first direct help
